{"n": 4, "g": [0.4, 1.26], "r": [0.9, 0.5], "num_obstacles": 4, "obstacles": [{"center": [1.45, 1], "r0": 0.0525, "m": 0.02625}, {"center": [0.03, 0.65], "r0": 0.0525, "m": 0.02625}, {"center": [0.4, 0.02], "r0": 0.0525, "m": 0.02625}, {"center": [1, 1.28], "r0": 0.0525, "m": 0.02625}]}