{"n": 8, "g": [0.5055434112548828, 0.9053714294433595], "r": [0.5552662406921387, 0.8926028579711915], "num_obstacles": 0, "obstacles": []}